Date,Open,High,Low,Adj Close,Close,total_cases,Unemp_rate,new_cases,stringency_index,COB_price
2017-01-08,4900.850098,5029.113281,4884.52002,5018.959960666667,5018.959960666667,,4.7,0.0,,56.39714285714285
2017-01-15,5013.819824,5066.950195,4995.069824,5052.079834,5052.079834,,4.7,0.0,,55.207142857142856
2017-01-22,5044.19238275,5085.339844,5029.609863,5064.866861666667,5064.866861666667,,4.7,0.0,,55.08857142857143
2017-01-29,5055.970215,5172.430176,5035.490234,5142.240071666667,5142.240071666667,,4.7,0.0,,55.465714285714284
2017-02-05,5146.410156,5167.130045666667,5086.330078,5165.840006666666,5165.840006666666,,4.6,0.0,,56.23285714285714
2017-02-12,5154.180176,5253.036621333334,5148.060059,5246.776529666667,5246.776529666667,,4.6,0.0,,55.787142857142854
2017-02-19,5242.490234,5338.9401855,5238.689941,5337.725097500001,5337.725097500001,,4.6,0.0,,55.82285714285714
2017-02-26,5324.7999265,5358.529785,5304.009766,5346.136556333333,5346.136556333333,,4.6,0.0,,56.167142857142856
2017-03-05,5330.560059,5398.430176,5316.700195,5364.700032666667,5364.700032666667,,4.4,0.0,,55.824285714285715
2017-03-12,5352.609863,5395.813476666667,5336.080078,5391.67985,5391.67985,,4.4,0.0,,53.04571428571428
2017-03-19,5387.72998,5426.839844,5360.700195,5411.793294666667,5411.793294666667,,4.4,0.0,,51.565714285714286
2017-03-26,5406.02002,5439.580078,5325.993327,5370.84668,5370.84668,,4.4,0.0,,50.87571428571429
2017-04-02,5320.959961,5452.793294,5316.02002,5433.543456666667,5433.543456666667,,4.4,0.0,,52.32
2017-04-09,5440.200195,5479.859863,5400.080078,5420.576823,5420.576823,,4.4,0.0,,54.714285714285715
2017-04-16,5423.569824,5442.709961,5353.589844,5387.7976072500005,5387.7976072500005,,4.4,0.0,,55.833571428571425
2017-04-23,5369.209961,5492.649902333334,5367.589844,5486.036458333333,5486.036458333333,,4.4,0.0,,53.098571428571425
2017-04-30,5503.27002,5626.986653333333,5494.459961,5614.263183666666,5614.263183666666,,4.4,0.0,,51.705714285714286
2017-05-07,5602.439941,5654.743164,5600.310059,5654.743164,5654.743164,,4.4,0.0,,49.81285714285714
2017-05-14,5649.180176,5700.213216,5637.399902,5698.590006333334,5698.590006333334,,4.4,0.0,,50.36571428571428
2017-05-21,5687.970215,5724.709961,5568.470215,5683.453287666667,5683.453287666667,,4.4,0.0,,52.75428571428571
2017-05-28,5662.950195,5795.0952145,5661.589844,5791.494873,5791.494873,,4.4,0.0,,52.86142857142857
2017-06-04,5784.5773927499995,5886.433268333333,5762.560059,5879.233398333334,5879.233398333334,,4.3,0.0,,50.63428571428572
2017-06-11,5881.220215,5897.689941,5641.479818,5719.4334309999995,5719.4334309999995,,4.3,0.0,,48.58571428571429
2017-06-18,5677.160156,5774.200195,5633.339844,5741.97347,5741.97347,,4.3,0.0,,47.51142857142857
2017-06-25,5729.540039,5833.536621,5724.490234,5786.096517,5786.096517,,4.3,0.0,,45.69714285714286
2017-07-02,5832.310059,5845.149902,5599.439941,5613.613281333333,5613.613281333333,,4.3,0.0,,47.53285714285715
2017-07-09,5680.359863,5696.753418,5579.640137,5681.590006333334,5681.590006333334,,4.3,0.0,,47.92714285714286
2017-07-16,5662.709961,5855.360026333334,5650.259766,5839.186848666666,5839.186848666666,,4.3,0.0,,48.114285714285714
2017-07-23,5845.819824,5940.896647,5818.200195,5934.756673,5934.756673,,4.3,0.0,,48.71142857142858
2017-07-30,5920.930176,5995.77002,5847.049805,5889.860026,5889.860026,,4.3,0.0,,51.278571428571425
2017-08-06,5928.680176,5936.149902,5859.620117,5923.123372,5923.123372,,4.4,0.0,,52.287142857142854
2017-08-13,5909.450195,5972.930176,5783.359863,5882.623209666666,5882.623209666666,,4.4,0.0,,52.00571428571429
2017-08-20,5878.640137,5944.97998,5757.046712333334,5787.996744666667,5787.996744666667,,4.4,0.0,,51.41857142857143
2017-08-27,5791.040039,5879.0,5750.5,5832.896647,5832.896647,,4.4,0.0,,52.12142857142857
2017-09-03,5839.27002,6009.609863,5785.220215,5960.3149410000005,5960.3149410000005,,4.3,0.0,,52.13857142857143
2017-09-10,5975.43505875,5988.08508275,5890.25,5958.143229,5958.143229,,4.3,0.0,,53.68714285714286
2017-09-17,5962.350098,6011.783528333333,5957.850098,5983.413411333334,5983.413411333334,,4.3,0.0,,55.065714285714286
2017-09-24,5997.509766,6012.950195,5863.753418,5889.006673333333,5889.006673333333,,4.3,0.0,,56.582857142857144
2017-10-01,5904.060059,5996.873535000001,5839.890137,5981.046549666667,5981.046549666667,,4.2,0.0,,57.709999999999994
2017-10-08,5988.959961,6074.096680000001,5955.830078,6060.543131333333,6060.543131333333,,4.2,0.0,,55.99285714285714
2017-10-15,6071.959961,6110.373209666666,6036.720215,6107.169921666667,6107.169921666667,,4.2,0.0,,56.82142857142857
2017-10-22,6108.660156,6129.490234,6051.470215,6081.493326666667,6081.493326666667,,4.2,0.0,,57.707142857142856
2017-10-29,6122.240234,6241.740072,6011.240234,6222.883301,6222.883301,,4.2,0.0,,59.317142857142855
2017-11-05,6209.799805,6311.593424333333,6194.580078,6307.599934666667,6307.599934666667,,4.2,0.0,,61.68428571428571
2017-11-12,6292.149902,6346.97998,6248.290039,6313.810058666667,6313.810058666667,,4.2,0.0,,63.65428571428571
2017-11-19,6286.009766,6352.470215,6227.990234,6310.5764973333335,6310.5764973333335,,4.2,0.0,,61.50285714285714
2017-11-26,6319.569824,6417.063314,6301.879883,6407.076823,6407.076823,,4.2,0.0,,62.88857142857143
2017-12-03,6409.52002,6426.040039,6244.839844,6288.423502333334,6288.423502333334,,4.1,0.0,,63.81
2017-12-10,6380.680176,6388.803385666666,6234.220215,6377.450032666667,6377.450032666667,,4.1,0.0,,63.55142857142857
2017-12-17,6351.240234,6505.440104,6347.910156,6497.619954666667,6497.619954666667,,4.1,0.0,,64.28999999999999
2017-12-24,6504.890137,6522.700195,6428.495117,6449.1650389999995,6449.1650389999995,,4.1,0.0,,64.556
2017-12-31,6436.12731925,6477.774902499999,6396.419922,6453.879883,6453.879883,,4.1,0.0,,66.30971428571429
2018-01-07,6433.669922,6671.873209333334,6412.4174805,6668.849935,6668.849935,,4.0,0.0,,67.77142857142857
2018-01-14,6651.680176,6799.8850095,6619.350098,6747.840088000001,6747.840088000001,,4.0,0.0,,69.61428571428571
2018-01-21,6780.7175295,6885.266601333333,6713.212402249999,6882.296549333333,6882.296549333333,,4.0,0.0,,69.26
2018-01-28,6829.549805,7022.970215,6822.850098,6999.869954333333,6999.869954333333,,4.0,0.0,,69.81285714285714
2018-02-04,7000.680176,7020.640137,6582.440104333334,6584.0432943333335,6584.0432943333335,,4.1,0.0,,67.88
2018-02-11,6687.470215,6807.959961,6164.430176,6486.793457333333,6486.793457333333,,4.1,0.0,,64.67428571428572
2018-02-18,6477.040039,6840.600098,6424.299805,6775.175048499999,6775.175048499999,,4.1,0.0,,63.26285714285715
2018-02-25,6751.18237275,6958.749836999999,6740.47998,6958.266764666667,6958.266764666667,,4.1,0.0,,66.08571428571429
2018-03-04,6933.819824,7003.129883,6645.029785,6857.866536333333,6857.866536333333,,4.0,0.0,,65.73714285714286
2018-03-11,6777.629883,7137.9366863333335,6753.830078,7121.140136666667,7121.140136666667,,4.0,0.0,,65.04571428571428
2018-03-18,7122.470215,7186.089844,6874.670084333333,6916.569987,6916.569987,,4.0,0.0,,64.31285714285714
2018-03-25,6945.970215,6949.02002,6507.839844,6671.916666666667,6671.916666666667,,4.0,0.0,,67.83142857142857
2018-04-01,6644.399902,6793.5,6350.867554,6438.41235375,6438.41235375,,4.0,0.0,,68.80714285714285
2018-04-08,6528.22998,6632.209961,6322.600098,6459.296549666667,6459.296549666667,,4.0,0.0,,67.40428571428572
2018-04-15,6488.47998,6703.310059,6466.040039,6659.566732,6659.566732,,4.0,0.0,,71.63571428571429
2018-04-22,6675.919922,6856.959961,6623.309896,6655.116536666666,6655.116536666666,,4.0,0.0,,73.73142857142857
2018-04-29,6699.160156,6750.779785,6426.569824,6622.496582,6622.496582,,4.0,0.0,,75.16571428571429
2018-05-06,6669.439941,6825.426595,6539.870117,6804.286783666667,6804.286783666667,,3.8,0.0,,74.4525
2018-05-13,6803.450195,6995.273112333333,6770.299805,6960.433431,6960.433431,,3.8,0.0,,76.6525
2018-05-20,6977.350098,7008.259766,6852.72998,6892.436523333333,6892.436523333333,,3.8,0.0,,78.64142857142858
2018-05-27,6920.319824,6982.52002,6846.939941,6943.7299805,6943.7299805,,3.8,0.0,,77.7975
2018-06-03,6934.24255375,7126.126628,6887.120117,7123.689941333333,7123.689941333333,,4.0,0.0,,74.91035714285715
2018-06-10,7099.5,7212.450195,7099.089844,7163.193359,7163.193359,,4.0,0.0,,74.22571428571429
2018-06-17,7149.649902,7291.310059,7146.089844,7252.860026,7252.860026,,4.0,0.0,,74.02714285714285
2018-06-24,7201.180176,7309.990234,7043.793294333333,7091.283203333333,7091.283203333333,,4.0,0.0,,73.86714285714287
2018-07-01,7131.049805,7144.290039,6950.22998,7078.813151,7078.813151,,3.8,0.0,,75.76285714285714
2018-07-08,6979.540039,7257.386718666667,6969.160156,7253.110026,7253.110026,,3.8,0.0,,76.24285714285715
2018-07-15,7251.180176,7389.6735026666665,7220.22998,7363.873209333334,7363.873209333334,,3.8,0.0,,74.51285714285714
2018-07-22,7381.029785,7418.430176,7288.299805,7364.5965166666665,7364.5965166666665,,3.8,0.0,,71.6842857142857
2018-07-29,7335.419922,7511.390137,7190.959798,7227.659993666666,7227.659993666666,,3.8,0.0,,74.26142857142858
2018-08-05,7292.720215,7424.863281333333,7158.779785,7424.490234,7424.490234,,3.8,0.0,,73.12142857142858
2018-08-12,7390.819824,7498.370117,7381.580078,7403.546549666667,7403.546549666667,,3.8,0.0,,71.24285714285715
2018-08-19,7420.180176,7468.819824,7308.52002,7373.4599610000005,7373.4599610000005,,3.8,0.0,,70.05285714285715
2018-08-26,7393.580078,7537.019857,7343.470215,7534.553222666666,7534.553222666666,,3.8,0.0,,73.24
2018-09-02,7527.370117,7691.100098,7512.02002,7638.4348145,7638.4348145,,3.7,0.0,,76.44714285714285
2018-09-09,7630.61486825,7651.7026365,7400.990234,7441.873372666667,7441.873372666667,,3.7,0.0,,76.50571428571428
2018-09-16,7466.759766,7581.299805,7401.720215,7471.65332,7471.65332,,3.7,0.0,,78.09
2018-09-23,7522.589844,7603.859863,7427.790039,7542.856608,7542.856608,,3.7,0.0,,79.23142857142857
2018-09-30,7477.450195,7683.473307666667,7447.22998,7639.516764,7639.516764,,3.7,0.0,,82.41285714285713
2018-10-07,7673.0,7700.560059,7287.159993666666,7368.216471333333,7368.216471333333,,3.8,0.0,,85.22142857142856
2018-10-14,7356.540039,7430.359863,6892.890137,7098.183268333333,7098.183268333333,,3.8,0.0,,82.41142857142857
2018-10-21,7129.310059,7311.850098,7047.470215,7129.883300666666,7129.883300666666,,3.8,0.0,,80.40857142857143
2018-10-28,7146.029785,7193.720215,6631.093261666667,6760.066568666667,6760.066568666667,,3.8,0.0,,78.01714285714286
2018-11-04,6954.689941,7085.27002,6574.75,6946.489909,6946.489909,,3.8,0.0,,73.46142857142857
2018-11-11,6946.149902,7205.959961,6859.799805,6899.116699333334,6899.116699333334,,3.8,0.0,,70.07714285714286
2018-11-18,6990.370117,6998.799805,6681.390136666667,6717.619954666667,6717.619954666667,,3.8,0.0,,65.78142857142858
2018-11-25,6832.25,6841.439941,6442.359863,6628.009928666666,6628.009928666666,,3.8,0.0,,60.49714285714286
2018-12-02,6616.790039,7055.0432943333335,6590.890137,7024.423177333333,7024.423177333333,,3.9,0.0,,58.73285714285714
2018-12-09,7106.839844,7107.0,6554.400065,6659.586751,6659.586751,,3.9,0.0,,60.61857142857143
2018-12-16,6603.359863,6867.660156,6461.469889666667,6497.246745,6497.246745,,3.9,0.0,,59.1
2018-12-23,6571.0,6621.629883,5934.740071333334,5948.420085,5948.420085,,3.9,0.0,,53.83714285714286
2018-12-30,5994.080078,6388.359863,5895.120117,6315.0701500000005,6315.0701500000005,,3.9,0.0,,51.45771428571429
2019-01-06,6354.850098,6496.026692333333,6139.399902,6466.389974,6466.389974,,4.0,0.0,,54.528000000000006
2019-01-13,6434.549805,6631.060059,6412.97998,6561.159993333334,6561.159993333334,,4.0,0.0,,58.74571428571429
2019-01-20,6536.370117,6816.22998,6512.640137,6715.7099610000005,6715.7099610000005,,4.0,0.0,,60.48142857142857
2019-01-27,6745.3674315,6800.970215,6584.5,6727.183268333333,6727.183268333333,,4.0,0.0,,61.13
2019-02-03,6691.839844,6947.963541666667,6613.419922,6931.813314,6931.813314,,3.8,0.0,,61.574285714285715
2019-02-10,6876.560059,7034.939941,6836.700195,6910.4967449999995,6910.4967449999995,,3.8,0.0,,61.6
2019-02-17,6941.259766,7081.545166,6893.799805,7060.8950195,7060.8950195,,3.8,0.0,,64.12285714285714
2019-02-24,7041.6225585,7139.249999666667,7001.799805,7107.163411666666,7107.163411666666,,3.8,0.0,,66.26285714285714
2019-03-03,7144.339844,7190.613281,7045.410156,7151.07666,7151.07666,,3.8,0.0,,64.42428571428572
2019-03-10,7193.879883,7205.939941,6940.720215,7114.576660333333,7114.576660333333,,3.8,0.0,,64.91285714285713
2019-03-17,7050.049805,7342.893228999999,7049.560059,7319.849934666667,7319.849934666667,,3.8,0.0,,65.90428571428572
2019-03-24,7311.629883,7505.410156,7284.693196666666,7319.993327,7319.993327,,3.8,0.0,,67.19714285714285
2019-03-31,7299.930176,7448.456543,7252.060059,7445.203288,7445.203288,,3.8,0.0,,67.60714285714286
2019-04-07,7450.810059,7595.353352666667,7422.439941,7592.773437333333,7592.773437333333,,3.6,0.0,,69.82142857142857
2019-04-14,7565.060059,7634.706543333333,7536.419922,7628.796712,7628.796712,,3.6,0.0,,71.30142857142857
2019-04-21,7630.600098,7715.069824,7578.540039,7707.54772925,7707.54772925,,3.6,0.0,,71.43371428571429
2019-04-28,7658.370117,7851.970215,7653.890137,7834.920084666667,7834.920084666667,,3.6,0.0,,72.83628571428571
2019-05-05,7825.640137,7851.850098,7672.540039,7811.303222666666,7811.303222666666,,3.6,0.0,,71.69000000000001
2019-05-12,7662.919922,7804.540039,7344.6767580000005,7411.596517,7411.596517,,3.6,0.0,,71.46285714285715
2019-05-19,7385.549805,7627.029785,7303.640137,7419.0268553333335,7419.0268553333335,,3.6,0.0,,73.39428571428572
2019-05-26,7391.72998,7472.709961,7261.459961,7289.669921999999,7289.669921999999,,3.6,0.0,,70.29392857142857
2019-06-02,7329.44506875,7364.5424805,6999.776855666667,7028.000000333333,7028.000000333333,,3.6,0.0,,68.10535714285714
2019-06-09,7110.339844,7530.663411333333,6936.680176,7473.716797,7473.716797,,3.6,0.0,,63.44857142857143
2019-06-16,7472.600098,7595.569824,7454.870117,7510.716634333333,7510.716634333333,,3.6,0.0,,63.089999999999996
2019-06-23,7500.279785,7772.529785,7492.169922,7724.9399416666665,7724.9399416666665,,3.6,0.0,,64.47714285714285
2019-06-30,7737.0,7774.626628,7584.169922,7735.786784,7735.786784,,3.6,0.0,,66.45285714285714
2019-07-07,7816.560059,7857.689941,7735.669922,7804.2932943333335,7804.2932943333335,,3.7,0.0,,64.04571428571428
2019-07-14,7790.459961,7961.220052000001,7748.22998,7959.033528666667,7959.033528666667,,3.7,0.0,,66.2
2019-07-21,7961.069824,7969.790039,7827.490234,7881.713378666667,7881.713378666667,,3.7,0.0,,63.019999999999996
2019-07-28,7862.379883,8027.180176,7862.27002,7998.370117,7998.370117,,3.7,0.0,,62.67857142857143
2019-08-04,8010.049805,8010.049805,7452.5734053333335,7508.059895666666,7508.059895666666,,3.7,0.0,,61.910000000000004
2019-08-11,7510.02002,7726.459961,7356.27002,7589.876790666666,7589.876790666666,,3.7,0.0,,57.30571428571428
2019-08-18,7597.189941,7778.339844,7429.359863,7680.916503666666,7680.916503666666,,3.7,0.0,,58.57857142857143
2019-08-25,7715.410156,7764.790039,7442.930176,7538.343424666667,7538.343424666667,,3.7,0.0,,59.30714285714286
2019-09-01,7540.689941,7747.080078,7500.220215,7650.254883,7650.254883,,3.5,0.0,,59.81714285714286
2019-09-08,7661.32983375,7879.970215,7584.819824,7839.113281,7839.113281,,3.5,0.0,,60.91571428571429
2019-09-15,7876.399902,7975.330078,7743.609863,7865.923502333333,7865.923502333333,,3.5,0.0,,63.33714285714286
2019-09-22,7833.72998,7950.209961,7791.580078,7820.256510333333,7820.256510333333,,3.5,0.0,,65.38142857142857
2019-09-29,7815.22998,7873.25,7626.819824,7726.826822666667,7726.826822666667,,3.5,0.0,,62.747142857142855
2019-10-06,7705.970215,7821.720215,7463.569824,7734.786621333333,7734.786621333333,,3.6,0.0,,59.24285714285714
2019-10-13,7725.680176,7904.049805,7603.759766,7842.846679666666,7842.846679666666,,3.6,0.0,,59.48142857142857
2019-10-20,7834.740234,7981.140137,7827.160156,7916.383463333334,7916.383463333334,,3.6,0.0,,59.36
2019-10-27,7911.580078,8090.9166663333335,7845.089844,8083.5200196666665,8083.5200196666665,,3.6,0.0,,60.88428571428572
2019-11-03,8071.390137,8206.213378666667,8017.919922,8194.163411333333,8194.163411333333,,3.6,0.0,,60.54571428571428
2019-11-10,8218.929688,8271.820313,8157.359863,8246.569986666667,8246.569986666667,,3.6,0.0,,62.36142857142857
2019-11-17,8212.370117,8332.240234333332,8202.360352,8324.160156333333,8324.160156333333,,3.6,0.0,,62.708571428571425
2019-11-24,8303.219727,8357.799805,8226.25,8338.636393666668,8338.636393666668,,3.6,0.0,,64.04428571428572
2019-12-01,8309.549805,8445.610352,8309.549805,8340.733073333333,8340.733073333333,,3.6,0.0,,64.48571428571428
2019-12-08,8409.870117,8419.129557,8167.359863,8374.283528333333,8374.283528333333,,3.6,0.0,,65.21571428571428
2019-12-15,8388.75,8562.360025666667,8339.370117,8542.790039000001,8542.790039000001,,3.6,0.0,,66.85285714285715
2019-12-22,8544.269531,8703.153645999999,8542.419922,8690.169922,8690.169922,,3.6,0.0,,68.66571428571429
2019-12-29,8703.05957,8811.099609,8684.120117,8730.147135666666,8730.147135666666,,3.6,0.0,,68.77
2020-01-05,8766.389648,8873.629883,8671.919922,8830.313151,8830.313151,,3.5,0.0,,68.42
2020-01-12,8713.889648,9055.976887666668,8713.889648,9035.980143333332,9035.980143333332,,3.5,0.0,,67.22285714285714
2020-01-19,9007.94043,9181.944824499999,8991.349609,9170.180176,9170.180176,,3.5,0.0,,64.17714285714285
2020-01-26,9149.09985325,9272.370117,8974.459961333334,9015.276367666667,9015.276367666667,5.0,3.5,4.0,0.0,61.26857142857143
2020-02-02,8913.160156,9170.219727,8910.969727,9081.323568,9081.323568,8.0,3.5,3.0,0.7942857142857143,57.80428571428571
2020-02-09,9033.519531,9496.240234,9031.070313,9478.259765666668,9478.259765666668,12.0,3.5,4.0,5.56,54.41285714285714
2020-02-16,9373.200195,9641.2348635,9373.200195,9626.6899415,9626.6899415,14.0,3.5,2.0,5.56,55.97714285714285
2020-02-23,9578.9301755,9736.570313,9154.706705666667,9201.983398666667,9201.983398666667,16.0,3.5,2.0,5.56,58.339999999999996
2020-03-01,9055.299805,9194.910156,8133.850098,8739.263672000001,8739.263672000001,32.0,4.4,16.0,5.9557142857142855,53.470000000000006
2020-03-08,8569.910156,9000.459961,8048.060221666667,8142.133138,8142.133138,519.0,4.4,487.0,16.40142857142857,47.777142857142856
2020-03-15,7912.140137,8376.44043,7096.366536333333,7345.339844,7345.339844,3212.0,4.4,2693.0,28.504285714285714,32.69285714285714
2020-03-22,7502.259766,7563.450195,6837.529785,7002.7099610000005,7002.7099610000005,34944.0,4.4,31732.0,63.16142857142857,25.367142857142856
2020-03-29,6952.709961,7913.109863,6771.910156,7788.796549666667,7788.796549666667,143544.0,4.4,108600.0,72.69,23.055714285714288
2020-04-05,7678.830078,8011.600098,7423.970215,7897.1433916666665,7897.1433916666665,353103.0,14.7,209559.0,72.69,20.07
2020-04-12,7819.060059,8337.170410499999,7763.089844,8309.18774375,8309.18774375,571536.0,14.7,218433.0,72.69,21.80457142857143
2020-04-19,8209.679688,8879.240234,8158.580078,8761.809895999999,8761.809895999999,768833.0,14.7,197297.0,72.69,19.789714285714286
2020-04-26,8742.540039,8855.533528666667,8359.839844,8820.639973666666,8820.639973666666,975376.0,14.7,206543.0,72.69,14.602857142857143
2020-05-03,8865.580078,9025.820313,8668.669922,8795.466797333333,8795.466797333333,1166033.0,13.2,190657.0,72.69,17.73142857142857
2020-05-10,8683.94043,9305.676432,8665.400391,9272.729817666666,9272.729817666666,1336095.0,13.2,170062.0,72.69,24.132857142857144
2020-05-17,9155.209961,9354.450195,8860.769531,9272.166341333334,9272.166341333334,1492122.0,13.2,156027.0,72.69,29.30857142857143
2020-05-24,9281.360352,9515.049805,9248.780273,9401.9853515,9401.9853515,1646821.0,13.2,154699.0,72.69,33.91607142857143
2020-05-31,9518.81518525,9597.436523666667,9182.450195,9584.436523,9584.436523,1790871.0,13.2,144050.0,72.69,34.230357142857144
2020-06-07,9526.429688,9885.222981666666,9511.879883,9875.80957,9875.80957,1939976.0,11.0,149105.0,72.69,38.93
2020-06-14,9805.69043,10155.2002,9492.75,9739.186523,9739.186523,2089949.0,11.0,149973.0,72.69,39.36714285714286
2020-06-21,9517.139648,10130.316406666667,9489.580078,10089.766603333333,10089.766603333333,2279721.0,11.0,189772.0,68.98,41.46714285714285
2020-06-28,10009.0,10306.90039,9774.506510000001,9923.893554666667,9923.893554666667,2557062.0,11.0,277341.0,68.98,41.574285714285715
2020-07-05,9850.549805,10576.96216,9742.889648,10538.51709,10538.51709,2904662.0,10.2,347600.0,68.98,42.451428571428565
2020-07-12,10487.7002,10993.766603333333,10485.82031,10680.25,10680.25,3315390.0,10.2,410728.0,68.98,43.06
2020-07-19,10951.54004,11069.25977,10370.79004,10849.793296666667,10849.793296666667,3767534.0,10.2,452144.0,68.98,43.40714285714286
2020-07-26,10672.95996,11017.42969,10313.94043,10610.62988,10610.62988,4226235.0,10.2,458701.0,67.13,43.50285714285714
2020-08-02,10547.11035,11026.446613333334,10527.42969,11005.34668,11005.34668,4652683.0,8.4,426448.0,67.13,43.287142857142854
2020-08-09,11018.01953,11282.24023,10976.113283333332,11103.243163333333,11103.243163333333,5048785.0,8.4,396102.0,67.13,44.291428571428575
2020-08-16,11153.50977,11275.402996666668,10855.05957,11247.19694,11247.19694,5420961.0,8.4,372176.0,67.13,44.637142857142855
2020-08-23,11231.96973,11676.989906666668,11228.13965,11602.5,11602.5,5720057.0,8.4,299096.0,67.13,44.61857142857143
2020-08-30,11703.33984,12117.686523333334,11535.54981,12072.416669999999,12072.416669999999,6012836.0,8.4,292779.0,67.13,45.300714285714285
2020-09-06,12017.45996,12439.48047,11100.575195,11345.194825,11345.194825,6294562.0,7.9,281726.0,67.13,42.800714285714285
2020-09-13,11279.492677499999,11566.33984,10945.21973,11214.306643333333,11214.306643333333,6550518.0,7.9,255956.0,65.80714285714285,39.23142857142857
2020-09-20,11250.79981,11495.40039,10708.366536666666,10965.806643333333,10965.806643333333,6842053.0,7.9,291535.0,62.5,40.91142857142857
2020-09-27,10768.00977,11305.510416666668,10677.84961,11293.343426666666,11293.343426666666,7126938.0,7.9,284885.0,62.5,40.99285714285714
2020-10-04,11332.32031,11606.73047,11225.16992,11424.60319,11424.60319,7428703.0,6.9,301765.0,62.5,39.67857142857143
2020-10-11,11345.24023,12045.69987,11256.25977,11967.35677,11967.35677,7776651.0,6.9,347948.0,62.5,41.06142857142857
2020-10-18,11900.12012,12204.75,11679.03353,11706.95638,11706.95638,8170362.0,6.9,393711.0,65.67142857142858,41.31857142857143
2020-10-25,11913.00977,11962.46973,11430.183593333333,11567.203123333333,11567.203123333333,8663449.0,6.9,493087.0,66.2,40.68
2020-11-01,11584.16992,11708.08008,10958.080076666667,11074.15658,11074.15658,9253123.0,6.7,589674.0,62.5,37.66285714285714
2020-11-08,11152.48047,12218.076826666666,10957.11035,11917.376303333333,11917.376303333333,10071422.0,6.7,818299.0,62.5,38.88428571428572
2020-11-15,12194.70996,12268.66016,11512.45996,11988.199866666668,11988.199866666668,11119270.0,6.7,1047848.0,65.28,41.93857142857143
2020-11-22,11925.36035,12047.12988,11842.66016,11906.107096666667,11906.107096666667,12331334.0,6.7,1212064.0,75.46,43.40428571428571
2020-11-29,11959.88965,12306.70996,11817.53027,12264.950193333332,12264.950193333332,13506849.0,6.7,1175515.0,75.46,46.550000000000004
2020-12-06,12278.78027,12583.736653333333,12090.92969,12573.806643333333,12573.806643333333,14913784.0,6.7,1406935.0,72.81714285714285,48.12428571428571
2020-12-13,12523.57031,12651.34961,12226.12988,12433.276693333333,12433.276693333333,16439304.0,6.7,1525520.0,71.76,49.55714285714286
2020-12-20,12427.86035,12793.46973,12426.25,12706.233076666667,12706.233076666667,17987912.0,6.7,1548608.0,71.76,51.145714285714284
2020-12-27,12575.59961,12829.570072499999,12474.03027,12806.897705000001,12806.897705000001,19303261.0,6.7,1315349.0,71.76,50.722857142857144
2021-01-03,12813.96973,12938.687257500002,12604.25244,12743.0651875,12743.0651875,20870438.0,6.4,1567177.0,71.76,50.809285714285714
2021-01-10,12950.21973,13113.08984,12537.41992,12970.06022,12970.06022,22610585.0,6.4,1740147.0,71.76,53.84142857142857
2021-01-17,12961.5,13037.04981,12758.09961,12900.234865,12900.234865,24138619.0,6.4,1528034.0,71.76,55.129999999999995
2021-01-24,12915.7302225,13510.72331,12835.49976,13444.326823333333,13444.326823333333,25325103.0,6.4,1186484.0,71.76,55.25857142857143
2021-01-31,13515.62988,13563.7002,12845.42969,13141.060220000001,13141.060220000001,26354555.0,6.4,1029452.0,71.76,55.36571428571428
2021-02-07,13067.65039,13679.92676,12983.09961,13664.66634,13664.66634,27182837.0,6.2,828282.0,69.11714285714287,58.68
2021-02-14,13672.33008,13848.009764999999,13531.92969,13790.734864999999,13790.734864999999,27821703.0,6.2,638866.0,68.06,61.67
2021-02-21,13804.7478,13879.76953,13328.99642,13342.753576666666,13342.753576666666,28282586.0,6.2,460883.0,68.06,63.8657142857143
2021-02-28,13414.04004,13447.37012,12758.12012,13158.446943333332,13158.446943333332,28761978.0,6.2,479392.0,68.06,65.67285714285714
2021-03-07,13106.01953,13301.62012,12208.38965,12422.22331,12422.22331,29175852.0,6.0,413874.0,65.94,66.80714285714285
2021-03-14,12629.55957,13117.86035,12287.57031,13034.123373333334,13034.123373333334,29553066.0,6.0,377214.0,64.35,68.3457142857143
2021-03-21,12936.12988,13297.48047,12704.07031,13013.33659,13013.33659,29936362.0,6.0,383296.0,64.35,65.49428571428572
2021-03-28,12943.13965,13180.66016,12627.92969,12970.200193333332,12970.200193333332,30379076.0,6.0,442714.0,59.59285714285714,62.90857142857143
2021-04-04,12950.50977,13551.0522475,12798.03027,13531.000002499999,13531.000002499999,30830477.0,6.0,451401.0,56.02,63.34342857142857
2021-04-11,13434.04004,13849.30957,13420.80957,13827.919596666667,13827.919596666667,31319805.0,6.0,489328.0,56.02,61.93228571428572
2021-04-18,13792.74023,14050.37988,13747.62988,13952.416666666666,13952.416666666666,31794870.0,6.0,475065.0,56.02,65.13571428571429
2021-04-25,13970.83008,14025.63965,13716.75977,13997.92025,13997.92025,32199301.0,6.0,404431.0,56.02,65.42428571428572
2021-05-02,13954.94043,14073.48047,13802.713543333333,13820.066410000001,13820.066410000001,32544669.0,5.8,345368.0,56.02,67.30928571428572
2021-05-09,13923.04004,13955.0,13396.11035,13479.263346666667,13479.263346666667,32830400.0,5.8,285731.0,55.75571428571429,68.84642857142858
2021-05-16,13647.73047,13648.49023,12967.17969,13339.646813333333,13339.646813333333,33062036.0,5.8,231636.0,56.544285714285714,68.93142857142857
2021-05-23,13329.86035,13649.686846666667,12994.34961,13565.080076666667,13565.080076666667,33239004.0,5.8,176968.0,56.808571428571426,67.53142857142858
2021-05-30,13504.38965,13769.625005,13500.12012,13670.549805,13670.549805,33377984.0,5.8,138980.0,56.02,69.19035714285714
2021-06-06,13752.4521475,13800.536456666667,13469.84961,13792.182943333333,13792.182943333333,33478577.0,5.9,100593.0,56.02,70.67035714285714
2021-06-13,13744.15039,14085.770183333334,13710.11035,14084.90007,14084.90007,33576645.0,5.9,98068.0,56.02,71.65857142857143
2021-06-20,14002.13965,14205.42969,13843.59961,14108.013673333333,14108.013673333333,33657260.0,5.9,80615.0,58.92142857142857,73.30571428571429
2021-06-27,14055.04004,14487.283526666666,13967.88965,14465.046876666667,14465.046876666667,33743691.0,5.9,86431.0,58.870000000000005,75.46571428571428
2021-07-04,14401.62988,14767.794924999998,14400.58984,14756.995115000002,14756.995115000002,33834346.0,5.4,90655.0,58.832857142857144,76.73571428571428
2021-07-11,14724.740235000001,14891.19043,14551.75977,14860.623046666666,14860.623046666666,33975874.0,5.4,141528.0,51.92714285714286,76.36857142857143
2021-07-18,14878.70996,15002.28027,14525.746743333333,14593.186520000001,14593.186520000001,34207568.0,5.4,231694.0,46.73857142857143,74.6842857142857
2021-07-25,14517.95996,15136.846353333332,14455.07031,15121.230146666667,15121.230146666667,34579769.0,5.4,372201.0,46.71,72.95142857142858
2021-08-01,15088.28027,15142.34961,14787.79981,14962.38021,14962.38021,35150568.0,5.2,570799.0,46.684285714285714,75.77142857142857
2021-08-08,15046.09961,15184.26953,14864.53027,15125.193683333335,15125.193683333335,35919633.0,5.2,769065.0,46.65857142857143,71.71
2021-08-15,15136.13965,15169.4502,14956.25,15139.40625,15139.40625,36843529.0,5.2,923896.0,50.135714285714286,70.92
2021-08-22,15090.04981,15262.293296666667,14773.19043,15239.403643333333,15239.403643333333,37888625.0,5.2,1045096.0,53.71142857142858,67.85285714285715
2021-08-29,15140.13965,15562.756836666666,15140.13965,15547.70996,15547.70996,38984644.0,5.2,1096019.0,56.15857142857143,71.49892857142858
2021-09-05,15460.92969,15696.41992,15459.74023,15664.31006,15664.31006,40149451.0,4.7,1164807.0,53.63142857142857,72.96035714285713
2021-09-12,15641.4648475,15701.40039,15378.943363333334,15436.583333333334,15436.583333333334,41175762.0,4.7,1026311.0,52.43142857142857,72.21142857142857
2021-09-19,15545.66016,15562.28027,14977.700193333332,15119.28353,15119.28353,42194019.0,4.7,1018257.0,52.38142857142857,74.12428571428572
2021-09-26,15068.65039,15356.91992,14821.03027,15246.440103333332,15246.440103333332,43038143.0,4.7,844124.0,52.33714285714286,76.12428571428572
2021-10-03,15205.23047,15240.58008,14441.659833333333,14578.703453333334,14578.703453333334,43788200.0,4.6,750057.0,52.29857142857143,79.00857142857141
2021-10-10,14713.59961,15010.32031,14384.92969,14749.403646666668,14749.403646666668,44450100.0,4.6,661900.0,52.26285714285715,82.28285714285714
2021-10-17,14765.69043,15255.053063333333,14636.33008,15249.566406666667,15249.566406666667,45031812.0,4.6,581712.0,52.23285714285714,84.02
2021-10-24,15091.58008,15528.527016666667,15074.70996,15461.15039,15461.15039,45531848.0,4.6,500036.0,52.20857142857143,85.02857142857144
2021-10-31,15417.25,15892.533203333332,15338.49023,15887.01009,15887.01009,46051110.0,4.6,519262.0,52.18285714285714,84.02714285714286
2021-11-07,15879.61035,16454.48047,15785.30957,16343.813473333334,16343.813473333334,46572363.0,4.2,521253.0,52.15857142857143,82.60857142857142
2021-11-14,16351.49023,16401.92969,15905.28027,16192.709963333333,16192.709963333333,47136553.0,4.2,564190.0,49.92142857142857,83.11285714285714
2021-11-21,16227.00977,16718.52604666667,16096.37012,16445.10026,16445.10026,47791615.0,4.2,655062.0,51.31142857142857,81.33714285714287
2021-11-28,16644.76953,16764.85938,15988.9502,16274.686846666666,16274.686846666666,48301109.0,4.2,509494.0,52.47571428571428,78.12857142857142
2021-12-05,16263.42969,16454.56055,15543.30957,15801.453453333334,15801.453453333334,49161180.0,3.9,860071.0,49.54,71.29857142857142
2021-12-12,15744.91016,16413.2793,15557.78027,16165.693363333334,16165.693363333334,49990262.0,3.9,829082.0,48.57,74.72
2021-12-19,16317.90039,16340.53027,15560.526689999999,15685.579753333333,15685.579753333333,50939652.0,3.9,949390.0,48.50285714285714,73.1842857142857
2021-12-26,15566.83008,16515.9179725,15508.74023,16502.677490000002,16502.677490000002,52405584.0,3.9,1465932.0,48.45857142857143,74.58057142857142
2022-01-02,16361.07031,16607.18945,16310.179689999999,16441.20638,16441.20638,55393063.0,4.0,2987479.0,49.691428571428574,77.88514285714287
2022-01-09,16395.50977,16513.86914,15285.953449999999,15607.016603333333,15607.016603333333,60564899.0,4.0,5171836.0,47.62428571428571,80.90714285714286
2022-01-16,15383.17969,16017.38965,15165.53027,15411.174805,15411.174805,66205938.0,4.0,5641039.0,47.56142857142857,85.76142857142858
2022-01-23,15382.66211,15489.01978,13960.779623333332,14485.853516666666,14485.853516666666,71143398.0,4.0,4937460.0,46.23142857142857,89.03999999999999
2022-01-30,14160.91016,14775.606443333332,13724.84961,14771.56999,14771.56999,74722083.0,4.0,3578685.0,45.66142857142857,90.63428571428571
2022-02-06,14505.07031,15196.40039,14442.87988,14612.283203333332,14612.283203333332,76713722.0,3.8,1991639.0,45.60142857142857,94.00142857142858
2022-02-13,14716.42969,15057.90039,14144.666993333334,14263.673173333334,14263.673173333334,77948887.0,3.8,1235165.0,45.541428571428575,97.33285714285715
2022-02-20,14233.40039,14647.79004,13819.839845,13940.035155,13940.035155,78641083.0,3.8,692196.0,45.49285714285714,97.73142857142857
2022-02-27,13971.49463,14262.066406666667,13065.44043,14221.5931,14221.5931,79100668.0,3.8,459585.0,45.45428571428572,99.78
2022-03-06,14058.61035,14342.55957,13455.830403333333,13492.196613333334,13492.196613333334,79424023.0,3.6,323355.0,35.73571428571429,117.86428571428571
2022-03-13,13853.53027,13879.09961,13108.663736666667,13131.703126666665,13131.703126666665,79668423.0,3.6,244400.0,34.66285714285714,119.99000000000001
2022-03-20,13248.08984,14456.276370000001,13020.40039,14390.753253333334,14390.753253333334,79884215.0,3.6,215792.0,37.294285714285714,112.08142857142856
2022-03-27,14377.15039,14928.013346666667,14190.53027,14909.70345,14909.70345,80095090.0,3.6,210875.0,38.332857142857144,122.16571428571429
2022-04-03,14763.16016,15265.41992,14705.91992,15060.123373333334,15060.123373333334,80286839.0,3.6,191749.0,32.308571428571426,110.08285714285715
2022-04-10,14903.37988,15161.88965,14088.652996666666,14102.559896666668,14102.559896666668,80535599.0,3.6,248760.0,29.88,102.26142857142858
2022-04-17,14149.59961,14264.74023,13812.9250475,13906.372317500001,13906.372317500001,80767807.0,3.6,232208.0,29.857142857142858,106.8202857142857
2022-04-24,13859.46973,14277.20996,13274.08366,13474.436526666666,13474.436526666666,81117220.0,3.6,349413.0,28.78142857142857,104.8382857142857
2022-05-01,13275.41016,13542.55957,12756.246743333333,13002.166343333332,13002.166343333332,81500852.0,3.6,383632.0,27.96857142857143,104.82214285714285
2022-05-08,12864.83008,13556.66992,12265.05013,12356.323243333334,12356.323243333334,82009716.0,3.6,508864.0,27.94857142857143,109.68071428571429
2022-05-15,12465.91016,12542.32031,11692.12012,12291.520183333334,12291.520183333334,82614682.0,3.6,604966.0,26.937142857142856,109.16285714285713
2022-05-22,12297.07031,12572.99023,11492.29004,11968.06022,11968.06022,83406725.0,3.6,792043.0,26.524285714285718,113.34285714285714
2022-05-29,11867.08008,12722.70996,11576.11035,12661.759764999999,12661.759764999999,84114984.0,3.6,708259.0,26.505714285714287,118.92999999999999
2022-06-05,12622.1626025,12897.62988,12447.76953,12582.43001,12582.43001,84897193.0,3.6,782209.0,27.288571428571426,124.43285714285715
2022-06-12,12745.88965,12804.45996,11444.576823333333,11469.82031,11469.82031,85633565.0,3.6,736372.0,32.04,127.55285714285712
2022-06-19,11472.19043,11751.29004,11037.20996,11406.375,11406.375,86365002.0,3.6,731437.0,32.027142857142856,123.27
2022-06-26,11378.39795,12154.927083333334,11357.717775000001,12040.776689999999,12040.776689999999,87076812.0,3.6,711810.0,32.01571428571429,117.3157142857143
2022-07-03,12157.92969,12175.98047,11322.86035,11682.79004,11682.79004,87878279.0,3.5,801467.0,32.005714285714284,120.38571428571427
2022-07-10,11432.66235,12179.32031,11366.07031,11948.750323333334,11948.750323333334,88627267.0,3.5,748988.0,31.47714285714286,113.85428571428572
2022-07-17,12008.75977,12099.899736666666,11488.26953,11912.873373333334,11912.873373333334,89578585.0,3.5,951318.0,30.775714285714287,111.21857142857142
2022-07-24,12089.67969,12662.86035,11836.51953,12351.096683333333,12351.096683333333,90434307.0,3.5,855722.0,30.76571428571429,111.80999999999999
2022-07-31,12391.20996,13051.95345,12051.20996,12943.176756666666,12943.176756666666,91361901.0,3.5,927594.0,30.754285714285714,109.14
2022-08-07,12877.04004,13358.366536666666,12809.00977,13175.336916666667,13175.336916666667,92144471.0,3.7,782570.0,32.33,102.35571428571428
2022-08-14,13227.08984,13645.723633333333,12945.59961,13633.409833333333,13633.409833333333,92949322.0,3.7,804851.0,32.58428571428571,103.59571428571428
2022-08-21,13529.66016,13720.91016,12976.82031,13007.99349,13007.99349,93548841.0,3.7,599519.0,26.62285714285714,96.44857142857143
2022-08-28,13056.38965,13175.25,12494.73698,12524.603513333333,12524.603513333333,94209642.0,3.7,660801.0,24.231428571428573,99.32535714285714
2022-09-04,12488.45996,12594.33984,11982.16992,12054.875,12054.875,94760242.0,3.5,550600.0,24.225714285714282,95.47392857142857
2022-09-11,12178.042722499998,12705.363283333334,11928.80957,12689.243166666667,12689.243166666667,95257606.0,3.5,497364.0,25.495714285714286,91.03999999999999
2022-09-18,12649.23047,12752.83008,11710.25977,11922.639646666667,11922.639646666667,95664107.0,3.5,406501.0,25.988571428571426,90.86178571428572
2022-09-25,11753.59961,12062.51953,11169.66016,11273.153643333333,11273.153643333333,96068353.0,3.5,404246.0,25.96857142857143,87.22607142857143
2022-10-02,11283.13965,11546.87012,10966.9502,10971.21973,10971.21973,96387457.0,3.7,319104.0,25.951666666666668,87.54666666666667
